{
  "timestamp": "2026-02-26T16:34:06Z",
  "dataset": "cardio.csv",
  "shape": [
    120000,
    12
  ],
  "target_distribution": {
    "1": 78759,
    "0": 41241
  },
  "metrics": {
    "Logistic Regression": {
      "Accuracy": 0.687875,
      "Precision": 0.709808503073094,
      "Recall": 0.8871254443880142,
      "F1-Score": 0.7886227038008973
    },
    "Decision Tree": {
      "Accuracy": 0.5874583333333333,
      "Precision": 0.6897088385967187,
      "Recall": 0.6752158456069071,
      "F1-Score": 0.682385397619735
    },
    "Random Forest": {
      "Accuracy": 0.6713333333333333,
      "Precision": 0.7057561486132915,
      "Recall": 0.8562087353986796,
      "F1-Score": 0.7737364465607252
    },
    "SVM": {
      "Accuracy": 0.6856666666666666,
      "Precision": 0.6939325205557131,
      "Recall": 0.9322625698324022,
      "F1-Score": 0.7956330931353958
    },
    "KNN": {
      "Accuracy": 0.634375,
      "Precision": 0.6981314250014199,
      "Recall": 0.7803453529710513,
      "F1-Score": 0.7369525465391649
    },
    "Naive Bayes": {
      "Accuracy": 0.681875,
      "Precision": 0.7181168377492342,
      "Recall": 0.8482732351447435,
      "F1-Score": 0.7777874792630752
    }
  },
  "cv_scores": [
    0.7754481571776853,
    0.7745123239939451,
    0.7755476545475398,
    0.7758184951177485,
    0.7782606209617474
  ],
  "cv_mean": 0.7759174503597333,
  "roc_auc": 0.665046086399079,
  "selected_model": "Random Forest"
}