{
  "timestamp": "2026-02-26T18:45:43Z",
  "dataset": "stroke.csv",
  "shape": [
    120000,
    11
  ],
  "target_distribution": {
    "0": 114160,
    "1": 5840
  },
  "metrics": {
    "Logistic Regression": {
      "Accuracy": 0.7336666666666667,
      "Precision": 0.1335578002244669,
      "Recall": 0.815068493150685,
      "F1-Score": 0.22950819672131148
    },
    "Decision Tree": {
      "Accuracy": 0.9937916666666666,
      "Precision": 0.9594229035166817,
      "Recall": 0.910958904109589,
      "F1-Score": 0.9345630215195433
    },
    "Random Forest": {
      "Accuracy": 0.9983333333333333,
      "Precision": 0.9938704028021016,
      "Recall": 0.9717465753424658,
      "F1-Score": 0.9826839826839827
    },
    "SVM": {
      "Accuracy": 0.8561666666666666,
      "Precision": 0.24856891237340378,
      "Recall": 0.9666095890410958,
      "F1-Score": 0.39544658493870405
    },
    "KNN": {
      "Accuracy": 0.9995833333333334,
      "Precision": 0.9940273037542662,
      "Recall": 0.997431506849315,
      "F1-Score": 0.9957264957264957
    },
    "Naive Bayes": {
      "Accuracy": 0.856625,
      "Precision": 0.15234016518813093,
      "Recall": 0.4263698630136986,
      "F1-Score": 0.2244759972954699
    }
  },
  "cv_scores": [
    0.9795918367346939,
    0.988367083153813,
    0.9874621703415478,
    0.9813449023861172,
    0.9866090712742981
  ],
  "cv_mean": 0.984675012778094,
  "roc_auc": 0.9999603453996314,
  "selected_model": "Random Forest"
}